<?xml version="1.0" encoding="UTF-8"?>
<ui version="4.0">
 <class>MainWindow</class>
 <widget class="QMainWindow" name="MainWindow">
  <property name="geometry">
   <rect>
    <x>0</x>
    <y>0</y>
    <width>961</width>
    <height>634</height>
   </rect>
  </property>
  <property name="windowTitle">
   <string>MainWindow</string>
  </property>
  <widget class="QWidget" name="centralwidget">
   <widget class="QPushButton" name="pushButton">
    <property name="geometry">
     <rect>
      <x>330</x>
      <y>480</y>
      <width>93</width>
      <height>28</height>
     </rect>
    </property>
    <property name="text">
     <string>PushButton</string>
    </property>
   </widget>
   <widget class="QLabel" name="label">
    <property name="geometry">
     <rect>
      <x>320</x>
      <y>400</y>
      <width>161</width>
      <height>61</height>
     </rect>
    </property>
    <property name="text">
     <string>TextLabel</string>
    </property>
   </widget>
   <widget class="QLabel" name="label_9">
    <property name="geometry">
     <rect>
      <x>320</x>
      <y>340</y>
      <width>151</width>
      <height>41</height>
     </rect>
    </property>
    <property name="font">
     <font>
      <family>Adobe Arabic</family>
      <pointsize>14</pointsize>
      <weight>75</weight>
      <bold>true</bold>
     </font>
    </property>
    <property name="text">
     <string>예측 이적료</string>
    </property>
    <property name="textFormat">
     <enum>Qt::AutoText</enum>
    </property>
   </widget>
   <widget class="QWidget" name="gridLayoutWidget_2">
    <property name="geometry">
     <rect>
      <x>110</x>
      <y>370</y>
      <width>171</width>
      <height>171</height>
     </rect>
    </property>
    <layout class="QGridLayout" name="gridLayout_2">
     <item row="2" column="1">
      <widget class="QLineEdit" name="lineEdit_6">
       <property name="text">
        <string>potentail</string>
       </property>
      </widget>
     </item>
     <item row="2" column="0">
      <widget class="QLineEdit" name="lineEdit_5">
       <property name="text">
        <string>over_all</string>
       </property>
      </widget>
     </item>
     <item row="3" column="0">
      <widget class="QLineEdit" name="lineEdit_7">
       <property name="text">
        <string>skill</string>
       </property>
      </widget>
     </item>
     <item row="0" column="0">
      <widget class="QLineEdit" name="lineEdit">
       <property name="text">
        <string>age</string>
       </property>
      </widget>
     </item>
     <item row="0" column="1">
      <widget class="QLineEdit" name="lineEdit_2">
       <property name="text">
        <string>c_v</string>
       </property>
      </widget>
     </item>
     <item row="1" column="1">
      <widget class="QLineEdit" name="lineEdit_4">
       <property name="text">
        <string>reputation</string>
       </property>
      </widget>
     </item>
     <item row="1" column="0">
      <widget class="QLineEdit" name="lineEdit_3">
       <property name="text">
        <string>position</string>
       </property>
      </widget>
     </item>
    </layout>
   </widget>
   <widget class="QLabel" name="label_11">
    <property name="geometry">
     <rect>
      <x>60</x>
      <y>260</y>
      <width>64</width>
      <height>15</height>
     </rect>
    </property>
    <property name="text">
     <string>TextLabel</string>
    </property>
   </widget>
   <widget class="QPushButton" name="pushButton_2">
    <property name="geometry">
     <rect>
      <x>100</x>
      <y>90</y>
      <width>93</width>
      <height>28</height>
     </rect>
    </property>
    <property name="text">
     <string>입력 예시</string>
    </property>
   </widget>
   <widget class="QLabel" name="label_10">
    <property name="geometry">
     <rect>
      <x>250</x>
      <y>180</y>
      <width>91</width>
      <height>51</height>
     </rect>
    </property>
    <property name="text">
     <string>TextLabel</string>
    </property>
   </widget>
   <zorder>label_10</zorder>
   <zorder>label_11</zorder>
   <zorder>pushButton</zorder>
   <zorder>label</zorder>
   <zorder>label_9</zorder>
   <zorder>gridLayoutWidget_2</zorder>
   <zorder>pushButton_2</zorder>
  </widget>
  <widget class="QMenuBar" name="menubar">
   <property name="geometry">
    <rect>
     <x>0</x>
     <y>0</y>
     <width>961</width>
     <height>26</height>
    </rect>
   </property>
  </widget>
  <widget class="QStatusBar" name="statusbar"/>
 </widget>
 <resources/>
 <connections>
  <connection>
   <sender>pushButton</sender>
   <signal>clicked()</signal>
   <receiver>MainWindow</receiver>
   <slot>send()</slot>
   <hints>
    <hint type="sourcelabel">
     <x>376</x>
     <y>533</y>
    </hint>
    <hint type="destinationlabel">
     <x>734</x>
     <y>278</y>
    </hint>
   </hints>
  </connection>
  <connection>
   <sender>pushButton_2</sender>
   <signal>clicked()</signal>
   <receiver>MainWindow</receiver>
   <slot>second_window()</slot>
   <hints>
    <hint type="sourcelabel">
     <x>147</x>
     <y>72</y>
    </hint>
    <hint type="destinationlabel">
     <x>281</x>
     <y>124</y>
    </hint>
   </hints>
  </connection>
 </connections>
 <slots>
  <slot>send()</slot>
  <slot>second_window()</slot>
 </slots>
</ui>
