<?xml version="1.0" encoding="UTF-8"?>
<ui version="4.0">
 <class>MainWindow</class>
 <widget class="QMainWindow" name="MainWindow">
  <property name="geometry">
   <rect>
    <x>0</x>
    <y>0</y>
    <width>378</width>
    <height>514</height>
   </rect>
  </property>
  <property name="windowTitle">
   <string>MainWindow</string>
  </property>
  <widget class="QWidget" name="centralwidget">
   <widget class="QWidget" name="verticalLayoutWidget">
    <property name="geometry">
     <rect>
      <x>60</x>
      <y>20</y>
      <width>261</width>
      <height>431</height>
     </rect>
    </property>
    <layout class="QVBoxLayout" name="verticalLayout">
     <item>
      <widget class="QLabel" name="label_2">
       <property name="text">
        <string>1).나이(age)</string>
       </property>
      </widget>
     </item>
     <item>
      <widget class="QLabel" name="label_3">
       <property name="text">
        <string>&lt;html&gt;&lt;head/&gt;&lt;body&gt;&lt;p&gt;2)남은 계약기간(contract_until)&lt;/p&gt;&lt;p&gt;ex) 2023-&amp;gt; 2023-2017=6&lt;/p&gt;&lt;p&gt;6 입력&lt;/p&gt;&lt;/body&gt;&lt;/html&gt;</string>
       </property>
      </widget>
     </item>
     <item>
      <widget class="QLabel" name="label_4">
       <property name="text">
        <string>&lt;html&gt;&lt;head/&gt;&lt;body&gt;&lt;p&gt;3)포지션(position)&lt;/p&gt;&lt;p&gt;0: DF&lt;/p&gt;&lt;p&gt;1: GK&lt;/p&gt;&lt;p&gt;2: MF&lt;/p&gt;&lt;p&gt;3: ST&lt;/p&gt;&lt;/body&gt;&lt;/html&gt;</string>
       </property>
      </widget>
     </item>
     <item>
      <widget class="QLabel" name="label_5">
       <property name="text">
        <string>&lt;html&gt;&lt;head/&gt;&lt;body&gt;&lt;p&gt;4)평판(reputation)&lt;/p&gt;&lt;p&gt;1,2,3,4,5&lt;/p&gt;&lt;/body&gt;&lt;/html&gt;</string>
       </property>
      </widget>
     </item>
     <item>
      <widget class="QLabel" name="label_6">
       <property name="text">
        <string>5)현재 능력치(stat_over_all)</string>
       </property>
      </widget>
     </item>
     <item>
      <widget class="QLabel" name="label_7">
       <property name="text">
        <string>6)잠재적 능력치(potential)</string>
       </property>
      </widget>
     </item>
     <item>
      <widget class="QLabel" name="label_8">
       <property name="text">
        <string>&lt;html&gt;&lt;head/&gt;&lt;body&gt;&lt;p&gt;7)기술(skil)&lt;/p&gt;&lt;p&gt;1,2,3,4,5&lt;/p&gt;&lt;/body&gt;&lt;/html&gt;</string>
       </property>
      </widget>
     </item>
    </layout>
   </widget>
  </widget>
  <widget class="QMenuBar" name="menubar">
   <property name="geometry">
    <rect>
     <x>0</x>
     <y>0</y>
     <width>378</width>
     <height>26</height>
    </rect>
   </property>
  </widget>
  <widget class="QStatusBar" name="statusbar"/>
 </widget>
 <resources/>
 <connections/>
</ui>
